Designator,Mid X,Mid Y,Rotation,Layer
C1,83.09,-7.99,90.0,top
C10,106.39,7.71,90.0,bottom
C11,107.69,4.81,90.0,bottom
C12,110.389999,0.956,90.0,bottom
C13,104.29,1.21,90.0,bottom
C14,89.99,-12.19,270.0,bottom
C15,103.74,11.085,0.0,top
C16,103.740001,9.285,0.0,top
C17,103.739997,7.485006,0.0,top
C18,103.74,5.685,0.0,top
C19,103.740002,3.885,0.0,top
C2,83.09,-11.09,270.0,top
C20,103.739999,2.085,0.0,top
C21,103.74,0.285,0.0,top
C22,103.740001,-1.515,0.0,top
C23,103.740001,-3.315,0.0,top
C24,103.740002,-5.115,0.0,top
C25,109.49,32.81,180.0,top
C26,121.89,32.86,0.0,top
C27,109.49,45.21,180.0,top
C28,122.29,44.81,90.0,top
C29,109.49,33.81,180.0,top
C3,90.19,-12.39,90.0,top
C30,109.49,44.21,180.0,top
C31,123.865,42.76,180.0,top
C32,124.69,41.21,90.0,top
C33,123.49,41.21,90.0,top
C34,86.99,32.81,180.0,top
C35,99.39,32.81,0.0,top
C36,86.99,44.01,180.0,top
C37,86.99,45.01,180.0,top
C38,99.79,44.81,90.0,top
C39,86.99,33.81,180.0,top
C4,90.19,-15.49,270.0,top
C40,101.39,43.335,180.0,top
C41,101.99,41.77,90.0,top
C42,100.99,41.77,90.0,top
C43,116.29,41.51,180.0,bottom
C44,116.44,36.46,0.0,bottom
C45,93.79,41.51,180.0,bottom
C46,93.89,36.41,0.0,bottom
C47,100.698002,21.935358,0.0,top
C48,100.698002,19.535358,180.0,top
C49,95.838004,18.300006,180.0,top
C5,104.81,-12.474,270.0,bottom
C50,100.698002,24.75996,180.0,top
C52,117.19,32.01,0.0,bottom
C53,87.880004,21.905403,0.0,top
C54,87.880004,19.505403,180.0,top
C55,83.020006,18.270051,180.0,top
C56,87.880004,24.730005,180.0,top
C58,94.74,32.01,0.0,bottom
C59,87.880003,9.905401,0.0,top
C6,113.446,-12.474,90.0,bottom
C60,87.880003,7.505401,180.0,top
C61,83.020005,6.270049,180.0,top
C62,87.880003,12.730003,180.0,top
C64,104.04,36.56,0.0,bottom
C65,87.88,-2.094602,0.0,top
C66,87.88,-4.494602,180.0,top
C67,83.020002,-5.729954,180.0,top
C68,87.88,0.73,180.0,top
C7,109.374,-2.354,180.0,bottom
C70,104.04,39.06,0.0,bottom
C71,100.747999,9.949361,0.0,top
C72,100.747999,7.549361,180.0,top
C73,95.888001,6.314009,180.0,top
C74,100.747999,12.773963,180.0,top
C76,126.59,36.61,0.0,bottom
C77,100.798,-2.054212,0.0,top
C78,100.798,-4.454212,180.0,top
C79,95.938002,-5.689564,180.0,top
C8,109.374,-4.854,180.0,bottom
C80,100.798,0.77039,180.0,top
C82,126.54,39.06,0.0,bottom
C83,64.17,7.2,180.0,bottom
C84,71.9125,11.25,180.0,bottom
C85,64.169998,5.399998,180.0,bottom
C86,75.15,-3.6,180.0,bottom
C87,83.72,33.5,90.0,bottom
C88,73.814,37.177998,0.0,bottom
C89,83.72,39.088,90.0,bottom
C9,111.69,-15.69,270.0,bottom
C90,73.814,31.6355,0.0,bottom
C91,73.052,34.008,180.0,bottom
C95,90.29,21.51,0.0,bottom
C97,97.79,33.085,0.0,bottom
C98,81.19,42.909999,270.0,top
C99,78.59,42.909999,270.0,top
D1,104.81,-6.124,90.0,bottom
D10,132.74,40.26,0.0,top
D11,132.74,38.96,0.0,top
D12,66.420032,39.125,180.0,top
D13,66.410032,40.425001,180.0,top
D14,66.4,41.725,180.0,top
D15,103.345,46.335,180.0,top
D16,103.330033,45.005017,180.0,top
D2,68.95,7.2,0.0,bottom
D3,70.1,20.0,90.0,bottom
D4,70.8125,13.65,270.0,bottom
D5,68.95,5.4,0.0,bottom
D6,73.5,5.4,90.0,bottom
D7,74.15,-1.2,270.0,bottom
D8,66.973999,40.104,90.0,bottom
D9,132.74,41.585,0.0,top
FB1,126.49,41.21,270.0,top
FB2,103.79,41.81,270.0,top
FM1,115.49,-15.59,0.0,top
FM2,74.69,43.91,0.0,top
FM3,77.09,-15.69,0.0,top
J1,77.09,-11.315,0.0,bottom
J10,68.3325,-1.2,90.0,bottom
J11,63.22,35.636505,90.0,bottom
J12,111.29,26.8525,180.0,bottom
J13,65.94,29.01,270.0,top
J14,73.69,29.01,270.0,top
J2,99.110426,-13.498536,0.0,bottom
J3,97.338004,22.800006,270.0,bottom
J4,84.520006,22.770051,270.0,bottom
J5,84.520005,10.770049,270.0,bottom
J6,84.520002,-1.229954,270.0,bottom
J7,97.388001,10.814009,270.0,bottom
J8,97.438002,-1.189564,270.0,bottom
J9,65.12,13.85,90.0,bottom
L1,102.29,6.71,90.0,bottom
Q1,86.816899,-10.030004,90.0,top
Q2,93.616902,-10.03,90.0,top
R1,106.79,-15.69,270.0,bottom
R10,114.49,30.849998,0.0,bottom
R11,113.79,30.849998,180.0,top
R12,117.19,30.81,0.0,bottom
R13,87.880004,20.705403,0.0,top
R14,92.01,31.810001,0.0,bottom
R15,91.3,31.809999,180.0,top
R16,92.01,30.81,0.0,bottom
R17,91.3,30.835,180.0,top
R18,94.74,30.81,0.0,bottom
R19,87.880003,8.705401,0.0,top
R2,105.036,-15.868,180.0,bottom
R20,101.54,36.36,180.0,bottom
R21,85.94,39.81,0.0,top
R22,101.54,35.36,180.0,bottom
R23,85.94,40.81,0.0,top
R24,104.04,35.36,0.0,bottom
R25,87.88,-3.294602,0.0,top
R26,101.54,37.86,180.0,bottom
R27,95.34,46.61,270.0,top
R28,101.54,38.86,180.0,bottom
R29,94.34,46.61,270.0,top
R3,109.89,-14.89,180.0,bottom
R30,104.04,37.86,0.0,bottom
R31,100.747999,8.749361,0.0,top
R32,124.042333,36.324334,180.0,bottom
R33,108.39,39.81,0.0,top
R34,124.042333,35.334333,180.0,bottom
R35,108.39,40.81,0.0,top
R36,126.59,35.35,0.0,bottom
R37,100.798,-3.254212,0.0,top
R38,124.045,37.86,180.0,bottom
R39,117.7,46.7,270.0,top
R4,108.09,-15.69,90.0,bottom
R40,124.045,38.86,180.0,bottom
R41,116.699999,46.7,270.0,top
R42,126.54,37.86,0.0,bottom
R43,72.8,17.47,180.0,bottom
R44,72.8,16.0,0.0,bottom
R45,66.77,7.2,180.0,bottom
R46,69.8125,11.25,180.0,bottom
R47,70.1,16.0,180.0,bottom
R48,76.3,2.7,180.0,bottom
R49,76.3,1.3,0.0,bottom
R5,109.89,-16.09,180.0,bottom
R50,66.77,5.4,180.0,bottom
R51,73.05,-3.6,180.0,bottom
R52,73.5,1.3,180.0,bottom
R53,83.974,35.445502,0.0,bottom
R54,83.974,40.988,180.0,bottom
R57,69.92,37.736507,270.0,bottom
R58,69.919996,34.736506,270.0,bottom
R59,130.31,41.585,0.0,top
R6,104.865,7.735,90.0,bottom
R60,130.31,40.26,0.0,top
R61,130.31,38.96,0.0,top
R62,68.79,39.125,180.0,top
R63,68.78,40.424999,180.0,top
R64,68.78,41.725,180.0,top
R65,105.727009,46.355017,180.0,top
R66,105.727016,45.005015,180.0,top
R67,91.39,17.91,0.0,bottom
R68,89.19,17.91,180.0,bottom
R7,100.698002,20.735358,0.0,top
R71,97.79,30.885,180.0,bottom
R72,97.79,31.885,0.0,bottom
R73,109.49,31.61,180.0,top
R74,124.07,41.584999,180.0,bottom
R75,86.99,31.61,180.0,top
R76,124.07,40.584999,0.0,bottom
R77,82.49,42.91,270.0,top
R78,82.489997,40.709993,270.0,top
R79,77.29,42.91,270.0,top
R8,114.49,31.810002,0.0,bottom
R80,77.29,40.710003,270.0,top
R9,113.79,31.859998,180.0,top
SW1,79.89,36.11,180.0,top
U1,86.79,-15.09,180.0,top
U10,82.862002,10.736047,90.0,top
U11,82.861999,-1.263956,90.0,top
U12,95.729998,10.780007,90.0,top
U13,95.779999,-1.223566,90.0,top
U14,78.894004,33.545502,180.0,bottom
U15,78.894,39.088,180.0,bottom
U16,90.29,19.71,0.0,bottom
U2,93.59,-15.09,180.0,top
U3,109.374,-9.942,270.0,bottom
U4,105.59,4.91,0.0,bottom
U5,107.49,1.21,0.0,bottom
U6,116.09,39.01,270.0,top
U7,93.59,39.01,270.0,top
U8,95.680001,22.766004,90.0,top
U9,82.862003,22.736049,90.0,top
X1,116.355,38.91,180.0,bottom
X2,93.805,38.895,180.0,bottom
