Row,Quantity Per PCB,References,Value,Datasheet,Footprint,Description,Manufacturer,Manufacturer Part Number,Supplier Part Number
1,4,C43 C44 C45 C46,8pF 16V,https://lcsc.com/product-detail/Multilayer-Ceramic-Capacitors-MLCC-SMD-SMT_100nF-104-10-50V_C14663.html,C0402,CAP CER 0402,YAGEO(国巨),,
2,43,C1 C2 C3 C4 C8 C27 C28 C29 C30 C33 C36 C37 C38 C39 C42 C48 C49 C52 C54 C55 C58 C60 C61 C64 C66 C67 C70 C72 C73 C76 C78 C79 C82 C84 C86 C87 C88 C89 C90 C95 C97 C98 C99,100nF 50V,https://lcsc.com/product-detail/Multilayer-Ceramic-Capacitors-MLCC-SMD-SMT_100nF-104-10-50V_C14663.html,C0603,CAP CER 0603 CAP CER 1206 CAP CER 0402,YAGEO(国巨),,
3,6,C50 C56 C62 C68 C74 C80,470nF 50V,,C0402,CAP CER 0402,,,
4,9,C9 C12 C13 C25 C31 C32 C34 C40 C41,1uF 50V,https://lcsc.com/product-detail/Multilayer-Ceramic-Capacitors-MLCC-SMD-SMT_100nF-104-10-50V_C14663.html,C0402,CAP CER 0402 CAP CER 0603,YAGEO(国巨),,
5,13,C5 C6 C26 C35 C47 C53 C59 C65 C71 C77 C83 C85 C91,4.7uF 100V,,C1206,CAP CER 1206 CAP CER 0402 CAP CER 0603,YAGEO(国巨),,
6,12,C7 C11 C15 C16 C17 C18 C19 C20 C21 C22 C23 C24,10uF 50V,,C1206,CAP CER 1206 CAP CER 0402 CAP CER 0603,YAGEO(国巨),,
7,1,C10,22uF 50V,https://lcsc.com/product-detail/Multilayer-Ceramic-Capacitors-MLCC-SMD-SMT_100nF-104-10-50V_C14663.html,C0603,CAP CER 0603,YAGEO(国巨),,
8,1,C14,SM337M025E0800,https://www.lcsc.com/datasheet/C44606382.pdf,CAP-SMD_BD6.3-L6.6-W6.6-FD-1,CP 330uF 25V,SHENGYANG(升阳),,
9,3,D2 D5 D13,BLUE 0402,https://www.lcsc.com/datasheet/C20608784.pdf,LED0402-R-RD,LED EMERALD GREEN 0402 SMD,YONGYUTAI(永裕泰),,
10,1,D12,GREEN 0402,https://www.lcsc.com/datasheet/C20608784.pdf,LED0402-R-RD,LED EMERALD GREEN 0402 SMD,YONGYUTAI(永裕泰),,
11,1,D10,ORANGE 0402,https://www.lcsc.com/datasheet/C20608784.pdf,LED0402-R-RD,LED EMERALD GREEN 0402 SMD,YONGYUTAI(永裕泰),,
12,1,D8,PESD1CAN,https://www.lcsc.com/datasheet/C21713981.pdf,SOT-23-3_L2.9-W1.3-P1.90-LS2.4-BR,ESD DIODE 24VWM 70VC SOT-23,GOODWORK(固得沃克),,
13,3,D9 D15 D16,RED 0402,https://www.lcsc.com/datasheet/C20608784.pdf,LED0402-R-RD,LED EMERALD GREEN 0402 SMD,YONGYUTAI(永裕泰),,
14,1,D1,SMAJ12A,https://lcsc.com/product-detail/TVS_Littelfuse_SMAJ12A_SMAJ12A_C148213.html,SMA_L4.3-W2.6-LS5.2-RD,TVS DIODE 12VWM 19.9VC DO-214AC(SMA),Littelfuse(美国力特),,
15,2,D3 D6,SMAJ5.0A,https://lcsc.com/product-detail/TVS_Littelfuse_SMAJ5-0A_SMAJ5-0A_C83329.html,SMA_L4.3-W2.6-LS5.2-RD,TVS DIODE 5VWM 9.2VC DO-214AC(SMA),Littelfuse(美国力特),,
16,2,D4 D7,USBLC6-2SC6,https://www.lcsc.com/datasheet/C2827654.pdf,SOT-23-6_L2.9-W1.6-P0.95-LS2.8-BL,ESD DIODE 5VWM 12VC SOT-23-6,TECH PUBLIC(台舟),,
17,1,D14,WHITE 0402,https://www.lcsc.com/datasheet/C20608784.pdf,LED0402-R-RD,LED EMERALD GREEN 0402 SMD,YONGYUTAI(永裕泰),,
18,1,D11,YELLOW 0402,https://www.lcsc.com/datasheet/C20608784.pdf,LED0402-R-RD,LED EMERALD GREEN 0402 SMD,YONGYUTAI(永裕泰),,
19,2,FB1 FB2,1k @ 100MHz,https://www.lcsc.com/datasheet/C52178237.pdf,L0805,300mΩ 1 ±25% 1kΩ@100MHz 0805 Ferrite Beads and Chips RoHS,PROD(谱罗德),,
20,14,J1 J2 J3 J4 J5 J6 J7 J8 J9 J10 J11 J12 J13 J14,XT30PW-F,https://www.lcsc.com/datasheet/C2913282.pdf,CONN-TH_XT30PW-F-1,Power Connectors TERM BLK 2POS 3.5mm TH CONN HEADER SMD 9POS 1mm CONN RCPT Type-C 16POS SMD R/A CONN HEADER SMD 3POS 1.25mm CONN FFC FPC 23POS 0.3mm TOP AND BOTTOM CNT SMD R/A CONN HEADER SMD 5POS 1.25mm,AMASS(艾迈斯) KEFA(科发) JST SHOU HAN(首韩) MOLEX HC(虹成电子),,
21,1,L1,ANR3015T2R2M,https://www.lcsc.com/datasheet/C6364793.pdf,IND-SMD_L3.0-W3.0_SMNR3015,2.2uH 2A 3x3mm,APV(爱普微),,
22,2,Q1 Q2,HV10N03,https://www.lcsc.com/datasheet/C53329063.pdf,SOT-89-3_L4.5-W2.5-P1.50-LS4.0-BR,"3W 30V 10A 1.5V 18mΩ@10V 1 N-channel N-Channel SOT-89 Single FETs, MOSFETs RoHS",R+O(宏嘉诚),,
23,6,R7 R13 R19 R25 R31 R37,1R 0.1%,,R0402,RES SMD 0402,,,
24,2,R57 R58,60R4 0.1%,https://www.lcsc.com/datasheet/C4107493.pdf,R0603,RES SMD 0603,YAGEO(国巨),,
25,4,R61 R62 R63 R64,100R 0.1%,https://www.lcsc.com/datasheet/C4107493.pdf,R0402,RES SMD 0402,YAGEO(国巨),,
26,18,R9 R10 R12 R15 R16 R18 R21 R22 R24 R27 R28 R30 R33 R34 R36 R39 R40 R42,220R 0.1%,,R0402,RES SMD 0402,,,
27,4,R59 R60 R65 R66,330R 0.1%,https://www.lcsc.com/datasheet/C4107493.pdf,R0402,RES SMD 0402,YAGEO(国巨),,
28,14,R8 R11 R14 R17 R20 R23 R26 R29 R32 R35 R38 R41 R45 R50,1K 0.1%,,R0402,RES SMD 0402,,,
29,4,R46 R47 R51 R52,5.1K 0.1%,,R0402,RES SMD 0402,,,
30,10,R2 R5 R53 R54 R67 R68 R77 R78 R79 R80,10K 0.1%,https://www.lcsc.com/datasheet/C4107493.pdf,R0402,RES SMD 0402,YAGEO(国巨),,
31,1,R4,13K 0.1%,https://www.lcsc.com/datasheet/C4107493.pdf,R0402,RES SMD 0402,YAGEO(国巨),,
32,1,R3,40.2K 0.1%,https://www.lcsc.com/datasheet/C4107493.pdf,R0402,RES SMD 0402,YAGEO(国巨),,
33,1,R1,41.2K 0.1%,https://www.lcsc.com/datasheet/C4107493.pdf,R0402,RES SMD 0402,YAGEO(国巨),,
34,1,R72,47K 0.1%,https://www.lcsc.com/datasheet/C4107493.pdf,R0402,RES SMD 0402,YAGEO(国巨),,
35,4,R6 R71 R74 R76,100K 0.1%,https://www.lcsc.com/datasheet/C4107493.pdf,R0402,RES SMD 0402,YAGEO(国巨),,
36,2,R43 R48,430K 0.1%,,R0402,RES SMD 0402,,,
37,2,R44 R49,620K 0.1%,,R0402,RES SMD 0402,,,
38,2,R73 R75,0R 0.1%,https://www.lcsc.com/datasheet/C4107493.pdf,R0402,RES SMD 0402,YAGEO(国巨),,
39,1,SW1,DSIC02LSGET,https://www.lcsc.com/datasheet/C3293152.pdf,SW-SMD_DSIC02LSGET,SWITCH DIP SPST 25mA 24V,康深,,
40,2,U1 U2,LM74700QDBVRQ1,https://www.lcsc.com/datasheet/C2941042.pdf,SOT-23-6_L2.9-W1.6-P0.95-LS2.8-BL,Low IQ Battery Reverse Protection Ideal Diode Controller,TI(德州仪器),,
41,1,U16,SHT40-N-NF,https://www.lcsc.com/datasheet/C54946589.pdf,DFN-4_L1.5-W1.5-P0.80-TL-EP,"DFN-4(1.5x1.5) Humidity, Moisture Sensors RoHS",Nyfea(徕飞),,
42,2,U6 U7,STM32G474RET6,https://lcsc.com/product-detail/No-specification-for-star-making-plan_STMicroelectronics-STM32G474RET6_C521608.html,LQFP-64_L10.0-W10.0-P0.50-LS12.0-BL,"Arm Cortex-M4 32-bit MCU+FPU, 170 MHz / 213 DMIPS, 128 KB SRAM, rich analog, math acc, 184 ps 12 chan Hi-res timer",ST(意法半导体),,
43,6,U8 U9 U10 U11 U12 U13,"TB9051FTG,EL",https://www.lcsc.com/datasheet/C2150635.pdf,UQFN-28_L6.0-W6.0-P0.65-BL-EP4.0,"UQFN-28-EP(6x6) Motor Drivers, Controllers RoHS",TOSHIBA(东芝),,
44,2,U14 U15,TJA1051T/3,https://www.lcsc.com/datasheet/C5342108.pdf,SOP-8_L4.9-W3.9-P1.27-LS6.0-BL-1,TJA1051T/3 CAN Transceiver,Tokmas(托克马斯),,
45,1,U5,TLV75533PDBVR,https://lcsc.com/product-detail/Low-Dropout-Regulators-LDO_Texas-Instruments-TI-TLV75533PDBVR_C404027.html,SOT-23-5_L3.0-W1.7-P0.95-LS2.8-BR,"500mA, high PSRR, low IQ, low-dropout regulator with enable functionality",TI(德州仪器),,
46,1,U4,TPS62162DSG,https://lcsc.com/product-detail/DC-DC-Converters_TI_TPS62162DSG_TPS62162DSG_C40256.html,WSON-8_L2.0-W2.0-P0.50-TL-EP,3V-17V 1A Step-Down Converters with DCS-ControlTM,TI(德州仪器),,
47,1,U3,TPSM63603RDHR,https://www.lcsc.com/datasheet/C5219327.pdf,QFN-30_L6.0-W4.0-P0.50_TLVM13630RDHR,Power module with 3V to 36V input  1V to 16V output and 3A current,TI(德州仪器),,
48,2,X1 X2,X322516MLB4SI,https://lcsc.com/product-detail/SMD-Crystals_YSX321SL-16MHZ-9PF-10PPM-40-85_C13738.html,CRYSTAL-SMD_4P-L3.2-W2.5-BL,CRYSTAL 16MHz 9pF SMD,YXC(扬兴晶振),,
